"CASE_ID","CLIENT_ID"
AbFlcUx3TG,TnrMsmmCrp
AbJffra45e,TmxWL4b17F
AcJpot15bY,"7c6RK6f0b0"
AkDqdJx33A,CDHNV8z33A
AoBdUY912L,"67IiskHCMi"
ArCyb8U2Nj,"1ISWsz42LK"
AuzsW1315A,C9RHutd15A
AB2dwta0X4,RAmUlP8191
ACPHC903Qf,NXkbyjq5fa
AIVKNEH194,IT7LAZN194
AKs5UuZ26L,KdBg0OI26z
ALx6nTv2UZ,KUHNGAT37S
BrHAte23f4,QFabaTUAUp
BAV8ql17Kl,"49hcgt97GW"
BFQnzta191,NeHuBoA191
BTGMooRDLL,QZbf3gC2El
B0vXRNR3sD,PI5zMAr33A
CiNXmVw2KX,EeZoGKlB6w
CjPkYYh3cu,"7bGocY13ar"
Cj8eCpt37S,NZPNvPt37S
CwMQZZF2uV,LsiDDQ92vu
CEDrZhFAwq,JnEZDFoC5Y
CK3ESB730A,CcntQxN30A
CTjVHrO7x1,"0AS7Det7x1"
CWbERCt83P,PpwT6Vu0KD
C7HVcRJ3aI,"3SeVwNZ3ar"
DhWzwpi5Fa,KtYErRp36B
DkgXhVY2cc,AWLVAYb01S
DoVINi742P,"3F0yN8VD3u"
Dw3v1nQ2R7,"3Z1SC6j37S"
DyeuWIB2Ok,"0nC5g9P9so"
DENeMM537S,GmX4eqv37S
DNHBVqv6DE,HL3srh56DS
D1io1nl37S,"7vgGJkn37S"
D4lLIPA4nk,PQqilNp36B
D5CwIQz12F,"9dICauX12F"
D6PpPAi7CR,Feu5kJ13qj
D8yPl69Jvq,LtcPQfWF0U
D9uL3p4191,DSf02bK191
ErcnpSVC5Y,EG7TrtzC5Y
Eyl6MDZ33A,G93yFGL33A
EGTtFEs12I,NoCzSEz12C
EOqXkzi2Iu,"9vgwle537S"
EPvC2aJ4DP,Ddjxsbz7G8
EXxeeKaGWM,QGYGvcoCTz
EYpLS0sC8B,EG4gTEcC8B
EYYXL37FDr,BN05nWb01S
E0VY5Wq3td,D6U1ecs191
E84UOoc3i4,FqTBOca8na
FpvQ6wV4DP,"3SsBh5v7G8"
FpTv63sAec,"4lV83yAAdW"
FwmY8n6GZE,"9GPg5eh8dA"
FBYz03WDuf,"7VBFZW8BF4"
FFjb6S8Aec,"7j33KSUFE8"
FGuW08s9gN,"9BiW4qP07S"
FYeSSJt33A,L72kNGL33A
FYk7oMl3GT,GyXZt8kHbo
GLMcDuME3I,O0RVr3ZDYe
GPzuqF13RP,R9m4X1W6DS
GZ1Az4L39F,RDyzbaT39F
G0CN19u7Ca,TgeZGz394v
HkfhvBU3QI,SfujwAL15A
HuTUHKf25K,SH8y9um7zP
HD9ztY139F,"28gnYHZ39F"
HMRtGyY1Au,P3ayyXq5Dg
HP4Dy6JAnX,PRD5yKRBqK
HSKLQyU5vI,"8CbasFy5vM"
HVpGgJF01S,DWAoLBJ01S
H1HJBJ83Rm,AnrjErC195
H1Q8NRCCOb,GlX7W3yE7A
H3ry3Os195,Bv4jOAU195
H8xeDAOC0W,"3FEtz6BBPZ"
IcaM8rb8CE,CWJdLCo8m7
ImYIOrR2Ln,RZUULRp2MF
IvAmGJH84x,IrBsZrV54S
IHxNIBd7HV,"8ijHyi99oD"
IMVX5NJ33A,"35AhMVV33A"
INyI8h704F,Igix7TN04F
Ja2qhCD56F,JsnVfyT56F
Ja8yoa1194,CK57Htp194
Jc0EbHY4CF,O4ienEv01S
JuSBZNgJOi,CSgX25NEfk
JvAedW534A,KDvJcIL34A
JKG4x1f1sm,RN4RddI2KA
JXTo5toMCO,FKLO8xyQ1A
KbRsoY7Bbz,RcsafQq2qt
KdNedIjP12,"0ST04Os92U"
Khhrbg18SU,DN9qCBv1M7
KjRgvFY3EO,D2MtLh28I3
Kn9Nhvw8Pi,"7OUXEEt3Qu"
KovnNLnAk3,Q9Pz0gtAk3
KoJBIhjGHa,"9bRiezQ9xL"
Kt31k1Z13F,O5zHX4z13F
KGXDc9291Z,"7xIQaPT9v1"
LhvRCqL8cI,RkCTFcaBSV
LhXbSkF3RJ,IleM4WhAQn
LjJ9kTf78h,Gmrmtyu4co
LBNtKdE6Qi,R6xXe0S4nn
LKDwd4SBEJ,TrJMdB4AF8
LXSn4KX37S,BKEKeHZ37S
L38ZX6c2vl,OLJrzEX54S
MpgVNx3Eex,EHCirmp7ZX
MJfGMSQ9eD,MIydj3l3sQ
MXhFoXD3RJ,PXBFXVD72Y
M3RDqoD194,PzDoavZ194
NmmjhYl3hv,Tts1i00ALE
NAwQadG192,RpSJ7BK196
NOkoIvx33A,ROkIN3x33A
OeVekGP15A,"0EW19Or15A"
OkF8A5R3Qy,"4wfS7mt6oG"
OyVJO0f37S,"3C52b1F37S"
OFPT4hV39F,Ag9Eigb39F
OME4Z3V5iW,"2OUNIUj30A"
OQIxji60VR,LhT5Rxa199
OTlFC1U4DP,TJoBuK101S
OT5bQED33A,QhLwGET33A
OWa6eFM4Bl,IgouwvD3K2
O56zRLC2UY,TtNQbJt5ap
PnaJJkh2Ut,Ob4O6pG2Pg
Pq47grc2qZ,"54pVHbp2qR"
PszmmvHEoR,KcDpr8e9GW
PwF1jFZ194,QEzgi1p194
PCaAvmxIFv,RtLa811EV2
PDViwwz34A,LOrDA4lNVr
P6rgYxG3QE,"3PrHu0P15A"
Qac4dZH2KJ,"96FF6km2OJ"
Qi9sNwd3QF,DWStqQ2Aed
Qzfd3bp84x,QOAJ63J84x
QFskEF7J28,NAZ9roC2ej
QHKnDXYFvS,E5hDqID30A
QO7zY7W191,OZc1fRy191
RcbDiO4DT9,JppWsSw26h
ReUjoE4C9u,UBIzjcj94v
Rylrl4b194,NkowgpF194
RGakHIo3EO,"43Hd4Ft04F"
RHtHxnP84x,Kt0RBOT54S
RIZMAka3hv,MuAzltZ3ax
RLwqRKJLjU,O0RVr3ZDYe
RLzy01N5iW,"1PPmLK530A"
R3A99Mn194,RLuo893194
R6pGL9p3Q9,Q8FMEIH8J8
SdxAQMc192,SwhpP8s192
SknZVJfEIh,PofcYVCLlN
Stuevg2AWZ,PvmOLiP0b0
SB1Bq19J28,Cl9r4kg2k5
SHWpQZu191,SaHUPMA191
SWvCYVe3G7,SWd2EBW3G7
TmtCx8w3RA,LWveyzW8J7
TqV8KiB71y,QeX43GNDQD
TYGqvH53Lv,PETCtAg03J
UD1Nxod12C,DgEehTF12I
"0fDbekL37S",HavT5rF37S
"0fNq0yg191","03sW3QA191"
"0gwQBqD42A","3Xa1sJN42A"
"0q0Momn4xA","0EV2rEH4xA"
"0vyVCIr4xA","4lKhVrKDTC"
"0CP9ApO4ez",N0r7MDC4fa
"0Egy7Q73i4","71bb3VOCJ8"
"0EWXIeo10S","2g8Uzdh34A"
"0P9wqGH39F","8Ctpfl339F"
"04WJqqS3XW",DWXB2l93c0
"07fJwMR3cu",O6AL1wT3ar
"1cyYLmz55F",JVBZM2Q9P1
"1gLgXf5GiK",By1GNoiKOt
"1kmBOr93Ff",B1Gb0GD3EW
"1ry4xwn3Gw",H8URTyT07S
"1tsmb6Y3p3","1fslnlp37S"
"1ustiqo191","2DdYhd4191"
"1yEOPXd3Qy","2axXhbS8iJ"
"1y4kqbF2cg",QwsihIT9Eo
"1GpBwYk0b0",NMEA37J36B
"1IOKo7H1EA","0zdfpL11EA"
"1TKzzhD7wt",RR31Tco6n1
"1YfcQ6lDT9",SUv82if9P1
"19DCvvb3td",CkrPLso192
"2dVc1TDBzQ","6y33Do3Ae8"
"2gAZyRZ2Mu","1uhZnaI7tb"
"2h2muqn9q0",U48Qsmx12L
"2kVKoAc0b0",Neyp1tZ36B
"2AFYgde1AT",HqSpIsU5RC
"2EBdn1m0VR",DqIoURG1mN
"2F8zHar5fa",EKzTmRrAs8
"2GTpfGe3QI",Gg1xyte3QU
"2JvV1JC5GR",Lp53mtt194
"2J4Wwk912L",ATQcltIGjP
"2MYDHqI3Rs",O50DALh3RV
"2ZFS6fh12F",RGVhgDx12F
"3ne0qYr33A",MA60kT333A
"4bFIKt87Ld",INC1WAi2AW
"4dPITWE10S","56Y1qWw10S"
"4rQ98u01A2",C1awQRbBGv
"4vSEUeR1sm",AEKGe5I2KA
"4HxvKxFJ28",NfQJ3NWAR1
"4LNQKL23g4",GypGNaT30A
"4RsV75P3GT",BFh06aIHbo
"4UDHwb5C5Y","2HUHUsmBuJ"
"47rFJH884x",FeH2mSP54S
"5aS5z4X3LX",MkY1mNu3Lr
"5bLQUWA191",NXeR2np197
"5etPjFZ04F","5xe4i1p04F"
"5g7gY2z15A",M2VA5Yn15A
"5t9dk3t33A",EUFCm5R33A
"5xPKvRp4Cm",L05pdim7LI
"5BvBuIF2uy","8RNgvVx40S"
"5FqjXNJ37S",PH29VKL37S
"6mZepXk2Mu","1YzGGBk2S9"
"6E8ZYa10nx","1ogZK2K5Dj"
"68nSHh315A","07mTD3x15A"
"7pXZjYf2vd","4gNUErfNnr"
"7zpvwrR33A",M10YzGz33A
"79e3aNy7pu",D2I0eJ704F
"8ihhUji193","91SMTVy193"
"8oQT33Z37S",N3gHBuj37S
"8qQusfx49S",HGuvjJc9DQ
"8qTeM8NIFv","2vCAiaoAzf"
"8zmiXzS3rK","8QJjqKq3nX"
"8EUuKVl24F","8z4Xek524F"
"859mGmS2cg",TaPgkRfDDC
"9gDBIi19q0",DfWk9In12F
"9n8fCBvApz",LtXbGzP5Ch
"9uA6svC16Q",I3kF5eM5O4
"9xRN2AU84x",HSn0f7x54S
"9zJ8ZQ612I","5bxULBE12C"
"9BxXi9FM47",IfgpPFAJfy
"9GWkWTRJ28","7IxdObPBNx"
"9JzMkVq12I",M6Bs7Iq12C
"9RZ3k6z197","9kJiitF197"
"9R3heT4196",QffDCVe196
"9S493F93cu",KahcCc13Yq
